path,label
ALARM_6_00AM/ALARM_6_00AM_v1_r1.wav,ALARM_6_00AM
ALARM_6_00AM/ALARM_6_00AM_v2_r1.wav,ALARM_6_00AM
ALARM_6_00AM/ALARM_6_00AM_v3_r1.wav,ALARM_6_00AM
ALARM_8_00AM/ALARM_8_00AM_v1_r1.wav,ALARM_8_00AM
ALARM_8_00AM/ALARM_8_00AM_v2_r1.wav,ALARM_8_00AM
ALARM_8_00AM/ALARM_8_00AM_v3_r1.wav,ALARM_8_00AM
ALARM_9_00PM/ALARM_9_00PM_v1_r1.wav,ALARM_9_00PM
ALARM_9_00PM/ALARM_9_00PM_v2_r1.wav,ALARM_9_00PM
ALARM_9_00PM/ALARM_9_00PM_v3_r1.wav,ALARM_9_00PM
BRIGHTNESS_100/BRIGHTNESS_100_v1_r1.wav,BRIGHTNESS_100
BRIGHTNESS_100/BRIGHTNESS_100_v2_r1.wav,BRIGHTNESS_100
BRIGHTNESS_100/BRIGHTNESS_100_v3_r1.wav,BRIGHTNESS_100
BRIGHTNESS_20/BRIGHTNESS_20_v1_r1.wav,BRIGHTNESS_20
BRIGHTNESS_20/BRIGHTNESS_20_v2_r1.wav,BRIGHTNESS_20
BRIGHTNESS_20/BRIGHTNESS_20_v3_r1.wav,BRIGHTNESS_20
BRIGHTNESS_60/BRIGHTNESS_60_v1_r1.wav,BRIGHTNESS_60
BRIGHTNESS_60/BRIGHTNESS_60_v2_r1.wav,BRIGHTNESS_60
BRIGHTNESS_60/BRIGHTNESS_60_v3_r1.wav,BRIGHTNESS_60
CALL/CALL_v1_r1.wav,CALL
CALL/CALL_v2_r1.wav,CALL
CALL/CALL_v3_r1.wav,CALL
COLOR_BLUE/COLOR_BLUE_v1_r1.wav,COLOR_BLUE
COLOR_BLUE/COLOR_BLUE_v2_r1.wav,COLOR_BLUE
COLOR_BLUE/COLOR_BLUE_v3_r1.wav,COLOR_BLUE
COLOR_GREEN/COLOR_GREEN_v1_r1.wav,COLOR_GREEN
COLOR_GREEN/COLOR_GREEN_v2_r1.wav,COLOR_GREEN
COLOR_GREEN/COLOR_GREEN_v3_r1.wav,COLOR_GREEN
COLOR_RED/COLOR_RED_v1_r1.wav,COLOR_RED
COLOR_RED/COLOR_RED_v2_r1.wav,COLOR_RED
COLOR_RED/COLOR_RED_v3_r1.wav,COLOR_RED
CREATE_REMINDER_DRINK_WATER/CREATE_REMINDER_DRINK_WATER_v1_r1.wav,CREATE_REMINDER_DRINK_WATER
CREATE_REMINDER_DRINK_WATER/CREATE_REMINDER_DRINK_WATER_v2_r1.wav,CREATE_REMINDER_DRINK_WATER
CREATE_REMINDER_DRINK_WATER/CREATE_REMINDER_DRINK_WATER_v3_r1.wav,CREATE_REMINDER_DRINK_WATER
CREATE_REMINDER_EXERCISE/CREATE_REMINDER_EXERCISE_v1_r1.wav,CREATE_REMINDER_EXERCISE
CREATE_REMINDER_EXERCISE/CREATE_REMINDER_EXERCISE_v2_r1.wav,CREATE_REMINDER_EXERCISE
CREATE_REMINDER_EXERCISE/CREATE_REMINDER_EXERCISE_v3_r1.wav,CREATE_REMINDER_EXERCISE
CREATE_REMINDER_STUDY/CREATE_REMINDER_STUDY_v1_r1.wav,CREATE_REMINDER_STUDY
CREATE_REMINDER_STUDY/CREATE_REMINDER_STUDY_v2_r1.wav,CREATE_REMINDER_STUDY
CREATE_REMINDER_STUDY/CREATE_REMINDER_STUDY_v3_r1.wav,CREATE_REMINDER_STUDY
LIGHT_OFF/LIGHT_OFF_v1_r1.wav,LIGHT_OFF
LIGHT_OFF/LIGHT_OFF_v2_r1.wav,LIGHT_OFF
LIGHT_OFF/LIGHT_OFF_v3_r1.wav,LIGHT_OFF
LIGHT_ON/LIGHT_ON_v1_r1.wav,LIGHT_ON
LIGHT_ON/LIGHT_ON_v2_r1.wav,LIGHT_ON
LIGHT_ON/LIGHT_ON_v3_r1.wav,LIGHT_ON
LIST_REMINDERS/LIST_REMINDERS_v1_r1.wav,LIST_REMINDERS
LIST_REMINDERS/LIST_REMINDERS_v2_r1.wav,LIST_REMINDERS
LIST_REMINDERS/LIST_REMINDERS_v3_r1.wav,LIST_REMINDERS
MESSAGE/MESSAGE_v1_r1.wav,MESSAGE
MESSAGE/MESSAGE_v2_r1.wav,MESSAGE
MESSAGE/MESSAGE_v3_r1.wav,MESSAGE
NEXT/NEXT_v1_r1.wav,NEXT
NEXT/NEXT_v2_r1.wav,NEXT
NEXT/NEXT_v3_r1.wav,NEXT
PAUSE/PAUSE_v1_r1.wav,PAUSE
PAUSE/PAUSE_v2_r1.wav,PAUSE
PAUSE/PAUSE_v3_r1.wav,PAUSE
PLAY_MUSIC/PLAY_MUSIC_v1_r1.wav,PLAY_MUSIC
PLAY_MUSIC/PLAY_MUSIC_v2_r1.wav,PLAY_MUSIC
PLAY_MUSIC/PLAY_MUSIC_v3_r1.wav,PLAY_MUSIC
STOP/STOP_v1_r1.wav,STOP
STOP/STOP_v2_r1.wav,STOP
STOP/STOP_v3_r1.wav,STOP
TEMPERATURE_18/TEMPERATURE_18_v1_r1.wav,TEMPERATURE_18
TEMPERATURE_18/TEMPERATURE_18_v2_r1.wav,TEMPERATURE_18
TEMPERATURE_18/TEMPERATURE_18_v3_r1.wav,TEMPERATURE_18
TEMPERATURE_22/TEMPERATURE_22_v1_r1.wav,TEMPERATURE_22
TEMPERATURE_22/TEMPERATURE_22_v2_r1.wav,TEMPERATURE_22
TEMPERATURE_22/TEMPERATURE_22_v3_r1.wav,TEMPERATURE_22
TEMPERATURE_26/TEMPERATURE_26_v1_r1.wav,TEMPERATURE_26
TEMPERATURE_26/TEMPERATURE_26_v2_r1.wav,TEMPERATURE_26
TEMPERATURE_26/TEMPERATURE_26_v3_r1.wav,TEMPERATURE_26
TIME/TIME_v1_r1.wav,TIME
TIME/TIME_v2_r1.wav,TIME
TIME/TIME_v3_r1.wav,TIME
TIMER_10s/TIMER_10s_v1_r1.wav,TIMER_10s
TIMER_10s/TIMER_10s_v2_r1.wav,TIMER_10s
TIMER_10s/TIMER_10s_v3_r1.wav,TIMER_10s
TIMER_1m/TIMER_1m_v1_r1.wav,TIMER_1m
TIMER_1m/TIMER_1m_v2_r1.wav,TIMER_1m
TIMER_1m/TIMER_1m_v3_r1.wav,TIMER_1m
TIMER_30s/TIMER_30s_v1_r1.wav,TIMER_30s
TIMER_30s/TIMER_30s_v2_r1.wav,TIMER_30s
TIMER_30s/TIMER_30s_v3_r1.wav,TIMER_30s
VOLUME_DOWN/VOLUME_DOWN_v1_r1.wav,VOLUME_DOWN
VOLUME_DOWN/VOLUME_DOWN_v2_r1.wav,VOLUME_DOWN
VOLUME_DOWN/VOLUME_DOWN_v3_r1.wav,VOLUME_DOWN
VOLUME_UP/VOLUME_UP_v1_r1.wav,VOLUME_UP
VOLUME_UP/VOLUME_UP_v2_r1.wav,VOLUME_UP
VOLUME_UP/VOLUME_UP_v3_r1.wav,VOLUME_UP
WEATHER/WEATHER_v1_r1.wav,WEATHER
WEATHER/WEATHER_v2_r1.wav,WEATHER
WEATHER/WEATHER_v3_r1.wav,WEATHER
