epoch,train_acc,val_acc,val_intent_acc,val_slot_acc,val_loss,lr,elapsed_s
1,26.038159371492704,52.54706533776301,71.92691029900332,62.18161683277962,2.2417519802798993,0.001,87.74989791600001
2,72.10998877665544,79.40199335548172,89.14728682170544,84.66223698781839,1.0037640061225341,0.0009990232305719944,85.70074320799998
3,89.61840628507295,89.7563676633444,93.18936877076412,92.19269102990033,0.6637184759839164,0.0009960967771506664,88.41344483400002
4,96.2682379349046,92.19269102990033,94.62901439645626,94.296788482835,0.4378125403542587,0.0009912321891107007,88.567043834
5,98.35157126823793,94.40753045404207,95.68106312292359,95.73643410852713,0.3209365358780389,0.0009844486647586721,88.62846191699998
6,99.3476430976431,95.45957918050941,96.62236987818383,96.12403100775194,0.2829102906310809,0.0009757729755661009,89.374501958
7,99.37570145903479,92.85714285714286,94.18604651162791,93.85382059800665,0.49291417091787854,0.0009652393605146842,90.35059487499996
8,99.72643097643098,93.90919158361018,95.01661129568106,95.23809523809523,0.3909857698684251,0.0009528893909706795,91.34282995900003
9,99.92283950617285,96.01328903654485,96.9545957918051,96.56699889258029,0.26882186264690766,0.0009387718066217122,92.28157458299995
10,99.62121212121212,94.18604651162791,95.29346622369879,94.90586932447398,0.3969145689163757,0.0009229423231234972,93.06967099999997
11,99.53703703703704,94.6843853820598,94.90586932447398,95.9579180509413,0.3095203336093117,0.0009054634122155987,93.07349908299989
12,99.34062850729516,95.1827242524917,95.79180509413068,96.4562569213732,0.3108657316479044,0.0008864040551740153,93.15547949999996
13,99.96492704826038,96.29014396456257,96.843853820598,97.00996677740864,0.2833607276264219,0.0008658394705735984,93.301182875
14,100.0,96.73311184939092,97.2314507198228,97.06533776301218,0.24917916367335838,0.0008438508174347006,93.55728758299983
15,100.0,96.4562569213732,96.89922480620154,96.843853820598,0.24729111920196484,0.000820524874925601,93.84803854100005
16,100.0,95.84717607973423,97.28682170542635,96.12403100775194,0.27405341487720297,0.000795953699884774,94.04140875000007
17,99.83164983164983,96.4562569213732,97.17607973421927,96.67774086378738,0.25175189259044356,0.000770234263514603,94.21256566699981
18,99.98597081930414,96.4562569213732,97.12070874861573,96.78848283499445,0.2649026102863937,0.0007434680686803488,95.02207666599998
19,100.0,96.843853820598,97.2314507198228,97.50830564784053,0.2172459131467712,0.0007157607493247108,97.94771937500013
20,100.0,96.78848283499445,97.56367663344408,96.843853820598,0.24036572668557019,0.0006872216535789154,95.957032583
21,100.0,96.67774086378738,97.50830564784053,96.62236987818383,0.23747166922132373,0.0006579634122155987,94.09137366699997
22,99.02497194163861,92.41417497231451,94.13067552602436,92.63565891472868,0.5891853077203069,0.0006281014941466028,93.14707341600024
23,99.60718294051627,93.7984496124031,95.40420819490588,95.29346622369879,0.3985665385938298,0.0005977537507199335,92.68581595899968
24,99.90881032547699,97.12070874861573,97.8405315614618,97.8405315614618,0.18378458132891032,0.0005670399506143305,92.41361287500013
25,100.0,97.39756367663345,98.06201550387597,98.06201550387597,0.1819185272729641,0.0005360813071670099,92.3219999580001
26,100.0,97.45293466223698,98.2281284606866,97.95127353266888,0.18334568686090236,0.0005049999999999998,92.35579787500001
27,100.0,97.06533776301218,98.06201550387597,97.78516057585826,0.19464429707811984,0.0004739186928329897,92.32678666699985
28,100.0,97.56367663344408,98.11738648947951,98.11738648947951,0.1773060459317691,0.0004429600493856692,92.33369808299994
29,100.0,97.56367663344408,98.06201550387597,98.11738648947951,0.17829455678678166,0.0004122462492800661,92.30507391600031
30,100.0,97.28682170542635,98.06201550387597,98.00664451827242,0.17545037933626312,0.0003818985058533967,93.43583004100037
31,100.0,97.45293466223698,98.17275747508306,98.17275747508306,0.16794614307169833,0.00035203658778440103,92.8195250839999
32,100.0,97.34219269102991,98.00664451827242,97.89590254706533,0.19236301464479363,0.00032277834642108444,92.92987008299997
33,100.0,97.56367663344408,98.2281284606866,98.11738648947951,0.17388459068134113,0.0002942392506752889,93.02874129199972
